{"cameraMode":{"drawMode":0,"name":"Shaded","section":"Shading Mode"},"sceneLighting":true,"audioPlay":false,"sceneViewState":{"showFog":true,"showMaterialUpdate":false,"showSkybox":true,"showFlares":true,"showImageEffects":true,"showParticleSystems":true,"showVisualEffectGraphs":true,"m_FxEnabled":true},"in2DMode":false,"pivot":{"x":121.14431762695313,"y":71.3995361328125,"z":-160.56361389160157},"rotation":{"x":-0.04679092764854431,"y":0.0065908366814255718,"z":-0.0003096213913522661,"w":-0.998876690864563},"size":54.46558380126953,"orthographic":false}